Date,Product,Category,Region,Sales,Cost,Profit,Units
2026-01-03,Laptop,Electronics,South,85000,70000,15000,5
2026-01-05,Mouse,Accessories,South,5000,3000,2000,25
2026-01-07,Keyboard,Accessories,North,7500,4500,3000,15
2026-01-10,Laptop,Electronics,North,68000,56000,12000,4
2026-01-12,Monitor,Electronics,West,45000,36000,9000,6
2026-01-15,Mouse,Accessories,East,4200,2500,1700,21
2026-01-18,Keyboard,Accessories,South,9000,5200,3800,18
2026-01-20,Laptop,Electronics,West,102000,82000,20000,6
2026-01-22,Monitor,Electronics,South,52000,41000,11000,7
2026-01-25,Mouse,Accessories,North,6000,3500,2500,30
2026-01-28,Laptop,Electronics,East,72000,59000,13000,4
2026-02-02,Monitor,Electronics,West,58000,45000,13000,8
2026-02-05,Keyboard,Accessories,North,8500,5000,3500,17
2026-02-08,Laptop,Electronics,South,95000,77000,18000,5
2026-02-11,Mouse,Accessories,East,5500,3200,2300,28
2026-02-14,Monitor,Electronics,North,47000,37000,10000,6
2026-02-17,Keyboard,Accessories,South,11000,6300,4700,22
2026-02-20,Laptop,Electronics,West,88000,71000,17000,5
2026-02-23,Mouse,Accessories,West,4800,2800,2000,24
2026-02-26,Monitor,Electronics,East,49000,39000,10000,7
2026-03-02,Laptop,Electronics,North,76000,62000,14000,4
2026-03-05,Mouse,Accessories,South,6200,3600,2600,31
2026-03-08,Keyboard,Accessories,West,9500,5500,4000,19
2026-03-11,Monitor,Electronics,South,61000,47000,14000,9
2026-03-14,Laptop,Electronics,East,81000,66000,15000,5
2026-03-17,Mouse,Accessories,North,5200,3000,2200,26
2026-03-20,Keyboard,Accessories,South,10500,6000,4500,21
2026-03-23,Monitor,Electronics,West,54000,42000,12000,8
2026-03-26,Laptop,Electronics,South,99000,80000,19000,6
2026-03-29,Mouse,Accessories,East,5700,3300,2400,29